id;title;description;start_time;end_time
1;pear;owlishly or;2025-02-09T20:26:10;2025-02-09T21:21:44
2;hm;aha;2025-02-09T16:20:26;2025-02-09T20:00:10
3;parched where um;where issue down;2025-02-09T15:40:33;2025-02-10T09:07:33
4;ah;till;2025-02-10T09:00:06;2025-02-10T05:17:08
5;fooey through;bookcase gently yuck;2025-02-09T18:43:00;2025-02-09T10:39:26
6;onto devise;generally wiggly come;2025-02-09T20:09:13;2025-02-10T01:07:48
7;usefully;hunt recount;2025-02-09T15:22:27;2025-02-09T23:13:01
8;own supposing;valentine than;2025-02-10T05:59:23;2025-02-09T20:34:36
9;sans indeed sorrowful;adrenalin;2025-02-09T21:29:23;2025-02-10T06:29:51
10;versus polite;rear;2025-02-09T15:21:22;2025-02-10T04:07:39
